ckan_tag,ckan_key,status,Action Needed
alpine tundra,alpine tundra,Normalized match,
amabilis fir,amabilis fir,Normalized match,
arbutus,arbutus,Normalized match,
balsam fir,balsam fir,Normalized match,
balsam poplar,balsam poplar,Normalized match,
bigleaf maple,bigleaf maple,Normalized match,
black cottonwood,black cottonwood,Normalized match,
black spruce,black spruce,Normalized match,
boreal white and black spruce,boreal white and black spruce,Normalized match,
bunchgrass,bunchgrass,Normalized match,
Case Study,case study,Normalized match,
coastal douglas fir,coastal douglas fir,Normalized match,
coastal western hemlock,coastal western hemlock,Normalized match,
Community of Practice,community of practice,Normalized match,
Decision Aid,decision aid,Normalized match,
Discussion Paper,discussion paper,Normalized match,
engelmann spruce,engelmann spruce,Normalized match,
engelmann spruce subalpine fir,engelmann spruce subalpine fir,Normalized match,
Ep,ep,Normalized match,
Extension Note,extension note,Normalized match,
Field Photos,field photos,Normalized match,
garry oak,garry oak,Normalized match,
grand fir,grand fir,Normalized match,
Guidance Document,guidance document,Normalized match,
hybrid spruce,hybrid spruce,Normalized match,
interior cedar hemlock,interior cedar hemlock,Normalized match,
interior douglas fir,interior douglas fir,Normalized match,
interior spruce,interior spruce,Normalized match,
jack pine,jack pine,Normalized match,
lodgepole pine,lodgepole pine,Normalized match,
Magazine Article,magazine article,Normalized match,
montane hemlock,montane hemlock,Normalized match,
montane spruce,montane spruce,Normalized match,
mountain hemlock,mountain hemlock,Normalized match,
Non-timber forest product,non-timber forest product,Normalized match,
paper birch,paper birch,Normalized match,
Peer-Reviewed Literature,peer-reviewed literature,Normalized match,
ponderosa pine,ponderosa pine,Normalized match,
Presentation Slides,presentation slides,Normalized match,
red alder,red alder,Normalized match,
sitka spruce,sitka spruce,Normalized match,
spruce willow birch,spruce willow birch,Normalized match,
sub-boreal pine-spruce,sub-boreal pine-spruce,Normalized match,
sub-boreal spruce,sub-boreal spruce,Normalized match,
subalpine fir,subalpine fir,Normalized match,
Technical Report,technical report,Normalized match,
Tree farm license,tree farm license,Normalized match,
trembling aspen,trembling aspen,Normalized match,
western hemlock,western hemlock,Normalized match,
western larch,western larch,Normalized match,
western redcedar,western redcedar,Normalized match,
western white pine,western white pine,Normalized match,
white spruce,white spruce,Normalized match,
whitebark pine,whitebark pine,Normalized match,
yellow cedar,yellow cedar,Normalized match,
Dispersed retention,dispersed retention,Missing from controlled,"Correct all resource tags on SIPex to  ""Dispersed cut"""
Group retention,group retention,Missing from controlled,"Correct all resource tags on SIPex to  ""Group cut"""
interior cedar hemlcok,interior cedar hemlcok,Missing from controlled,"Correct all resource tags on SIPex to  ""interior cedar hemlock"""
Other Canadian Provinces Territories,other canadian provinces territories,Missing from controlled,"Correct all resource tags on SIPex to  ""Other Canadian Provinces or Territories"""
Patch retention,patch retention,Missing from controlled,"Correct all resource tags on SIPex to  ""Patch cut"""
Populus balsmifera,populus balsmifera,Missing from controlled,"Correct all resource tags on SIPex to  ""Populus balsamifera"""
South Interior BC,south interior bc,Missing from controlled,"Correct all resource tags on SIPex to  ""Southern Interior BC"""
Spruce weevil,spruce weevil,Missing from controlled,"Correct all resource tags on SIPex to  ""Spruce leader weevil"""
Abies amabilis,abies amabilis,Exact match,
Abies balsamea,abies balsamea,Exact match,
Abies grandis,abies grandis,Exact match,
Abies lasiocarpa,abies lasiocarpa,Exact match,
Acb,acb,Exact match,
Acer macrophyllum,acer macrophyllum,Exact match,
Act,act,Exact match,
Adaptive management,adaptive management,Exact match,
Aerial systems,aerial systems,Exact match,
Alberta,alberta,Exact match,
All forest types,all forest types,Exact match,
Alnus rubra,alnus rubra,Exact match,
Arbutus menziesii,arbutus menziesii,Exact match,
Area-based,area-based,Exact match,
Arizona,arizona,Exact match,
Aspen leaf miner,aspen leaf miner,Exact match,
At,at,Exact match,
Avalanche,avalanche,Exact match,
Ba,ba,Exact match,
Bark beetle,bark beetle,Exact match,
Beaver,beaver,Exact match,
Betula papyrifera,betula papyrifera,Exact match,
BG,bg,Exact match,
BGxh2,bgxh2,Exact match,
Bighorn sheep,bighorn sheep,Exact match,
Biochar,biochar,Exact match,
Biomass,biomass,Exact match,
Bl,bl,Exact match,
Black army cutworm,black army cutworm,Exact match,
Blacktail deer,blacktail deer,Exact match,
Blister rust,blister rust,Exact match,
Boreal forests,boreal forests,Exact match,
British Columbia,british columbia,Exact match,
Brushing,brushing,Exact match,
BWBS,bwbs,Exact match,
BWBSdk,bwbsdk,Exact match,
BWBSmk,bwbsmk,Exact match,
BWBSmw,bwbsmw,Exact match,
BWBSmw2,bwbsmw2,Exact match,
Cable equipment,cable equipment,Exact match,
California,california,Exact match,
Canada,canada,Exact match,
Carabid beetle,carabid beetle,Exact match,
Carbon,carbon,Exact match,
Caribou,caribou,Exact match,
Cattle,cattle,Exact match,
CDF,cdf,Exact match,
CDFmm,cdfmm,Exact match,
Central AB,central ab,Exact match,
Central BC,central bc,Exact match,
Central Coast BC,central coast bc,Exact match,
Central Interior BC,central interior bc,Exact match,
Central Island BC,central island bc,Exact match,
Chinook salmon,chinook salmon,Exact match,
Clearcut system,clearcut system,Exact match,
Climate change resilience,climate change resilience,Exact match,
Coastal BC,coastal bc,Exact match,
Coastal forests,coastal forests,Exact match,
Colorado,colorado,Exact match,
Commercial thinning,commercial thinning,Exact match,
Community forest,community forest,Exact match,
Community of practice,community of practice,Exact match,
Competition,competition,Exact match,
Coniferous,coniferous,Exact match,
Coppice system,coppice system,Exact match,
Cultural,cultural,Exact match,
Cultural fire,cultural fire,Exact match,
Cupressus nootkatensis,cupressus nootkatensis,Exact match,
Cw,cw,Exact match,
CWH,cwh,Exact match,
CWHdm,cwhdm,Exact match,
CWHds,cwhds,Exact match,
CWHds1,cwhds1,Exact match,
CWHds2,cwhds2,Exact match,
CWHmm,cwhmm,Exact match,
CWHmm1,cwhmm1,Exact match,
CWHmm2,cwhmm2,Exact match,
CWHms,cwhms,Exact match,
CWHvh,cwhvh,Exact match,
CWHvh2,cwhvh2,Exact match,
CWHvm,cwhvm,Exact match,
CWHvm1,cwhvm1,Exact match,
CWHvm2,cwhvm2,Exact match,
CWHwm,cwhwm,Exact match,
CWHws,cwhws,Exact match,
CWHxm,cwhxm,Exact match,
CWHxm1,cwhxm1,Exact match,
CWHxm2,cwhxm2,Exact match,
Decay fungi,decay fungi,Exact match,
Deciduous,deciduous,Exact match,
Douglas-fir,douglas-fir,Exact match,
Douglas-fir beetle,douglas-fir beetle,Exact match,
Douglas-fir tussock moth,douglas-fir tussock moth,Exact match,
Dr,dr,Exact match,
Drought,drought,Exact match,
Dry interior forests,dry interior forests,Exact match,
Dwarf mistletoe,dwarf mistletoe,Exact match,
Economic,economic,Exact match,
Ecosystem health,ecosystem health,Exact match,
Elk,elk,Exact match,
ESSF,essf,Exact match,
ESSFdc,essfdc,Exact match,
ESSFdc2,essfdc2,Exact match,
ESSFdk,essfdk,Exact match,
ESSFdv,essfdv,Exact match,
ESSFm1,essfm1,Exact match,
ESSFm2,essfm2,Exact match,
ESSFmc,essfmc,Exact match,
ESSFmm,essfmm,Exact match,
ESSFmm1,essfmm1,Exact match,
ESSFmv2,essfmv2,Exact match,
ESSFvc,essfvc,Exact match,
ESSFwc1,essfwc1,Exact match,
ESSFwc2,essfwc2,Exact match,
ESSFwc3,essfwc3,Exact match,
ESSFwk1,essfwk1,Exact match,
ESSFwk2,essfwk2,Exact match,
ESSFwm,essfwm,Exact match,
ESSFwv,essfwv,Exact match,
ESSFxc,essfxc,Exact match,
Even-aged system,even-aged system,Exact match,
Fd,fd,Exact match,
Feller-buncher,feller-buncher,Exact match,
Fertilizing,fertilizing,Exact match,
Fire,fire,Exact match,
Fisher,fisher,Exact match,
Flooding,flooding,Exact match,
Forest health,forest health,Exact match,
Forwarder,forwarder,Exact match,
Frost,frost,Exact match,
Fuel management,fuel management,Exact match,
Full fibre utilization,full fibre utilization,Exact match,
Genetic worth,genetic worth,Exact match,
Global,global,Exact match,
Goats,goats,Exact match,
Goshawk,goshawk,Exact match,
Grapple equipment,grapple equipment,Exact match,
Grizzly bear,grizzly bear,Exact match,
Group cut,group cut,Exact match,
Growth,growth,Exact match,
Guidance document,guidance document,Exact match,
Gypsy moth,gypsy moth,Exact match,
Harvest,harvest,Exact match,
Heavy lift helicopter,heavy lift helicopter,Exact match,
Herbicide,herbicide,Exact match,
Hm,hm,Exact match,
Hw,hw,Exact match,
Hydrology,hydrology,Exact match,
ICH,ich,Exact match,
ICHdk,ichdk,Exact match,
ICHdw,ichdw,Exact match,
ICHdw1,ichdw1,Exact match,
ICHmc1,ichmc1,Exact match,
ICHmc2,ichmc2,Exact match,
ICHmk1,ichmk1,Exact match,
ICHmk3,ichmk3,Exact match,
ICHmw,ichmw,Exact match,
ICHmw1,ichmw1,Exact match,
ICHmw2,ichmw2,Exact match,
ICHmw3,ichmw3,Exact match,
ICHvk2,ichvk2,Exact match,
ICHwk1,ichwk1,Exact match,
ICHwk2,ichwk2,Exact match,
ICHwk3,ichwk3,Exact match,
ICHwk4,ichwk4,Exact match,
IDF,idf,Exact match,
IDFdk,idfdk,Exact match,
IDFdk2,idfdk2,Exact match,
IDFdk3,idfdk3,Exact match,
IDFdk4,idfdk4,Exact match,
IDFdm,idfdm,Exact match,
IDFdm1,idfdm1,Exact match,
IDFdm2,idfdm2,Exact match,
IDFmw,idfmw,Exact match,
IDFww,idfww,Exact match,
IDFxh,idfxh,Exact match,
IDFxh1,idfxh1,Exact match,
IDFxh2,idfxh2,Exact match,
IDFxm,idfxm,Exact match,
Insect,insect,Exact match,
Interior BC,interior bc,Exact match,
Irregular system,irregular system,Exact match,
Larch casebearer,larch casebearer,Exact match,
Larix occidentalis,larix occidentalis,Exact match,
Loading equipment,loading equipment,Exact match,
Lw,lw,Exact match,
Manual brushing,manual brushing,Exact match,
Mass wasting,mass wasting,Exact match,
Mastication,mastication,Exact match,
Masticator,masticator,Exact match,
Mb,mb,Exact match,
Mechanical falling equipment,mechanical falling equipment,Exact match,
Mechanical processing equipment,mechanical processing equipment,Exact match,
Mechanical raking machine,mechanical raking machine,Exact match,
MH,mh,Exact match,
MHmm,mhmm,Exact match,
MHwh,mhwh,Exact match,
Models,models,Exact match,
Monitoring,monitoring,Exact match,
Montana,montana,Exact match,
Montane and subalpine forests,montane and subalpine forests,Exact match,
Moose,moose,Exact match,
Mountain pine beetle,mountain pine beetle,Exact match,
MS,ms,Exact match,
MSdc,msdc,Exact match,
MSdk,msdk,Exact match,
MSdk1,msdk1,Exact match,
MSdm,msdm,Exact match,
MSdm1,msdm1,Exact match,
MSdv,msdv,Exact match,
MSxk,msxk,Exact match,
MSxv,msxv,Exact match,
MSxv1,msxv1,Exact match,
Mulching,mulching,Exact match,
Mule deer,mule deer,Exact match,
Natural disturbances,natural disturbances,Exact match,
New Mexico,new mexico,Exact match,
North Coast BC,north coast bc,Exact match,
North Island BC,north island bc,Exact match,
Northern AB,northern ab,Exact match,
Northern BC,northern bc,Exact match,
Northern Interior BC,northern interior bc,Exact match,
Northwest AB,northwest ab,Exact match,
OGMA,ogma,Exact match,
Old growth attributes,old growth attributes,Exact match,
old growth management area,old growth management area,Exact match,
Oregon,oregon,Exact match,
Other Canadian Provinces or Territories,other canadian provinces or territories,Exact match,
Pa,pa,Exact match,
Patch cut,patch cut,Exact match,
Picea engelmannii,picea engelmannii,Exact match,
Picea engelmannii x glauca,picea engelmannii x glauca,Exact match,
Picea glauca,picea glauca,Exact match,
Picea glauca x sitchensis,picea glauca x sitchensis,Exact match,
Picea mariana,picea mariana,Exact match,
Picea sitchensis,picea sitchensis,Exact match,
Pine needlecast,pine needlecast,Exact match,
Pinus albicaulis,pinus albicaulis,Exact match,
Pinus banksiana,pinus banksiana,Exact match,
Pinus contorta,pinus contorta,Exact match,
Pinus monticola,pinus monticola,Exact match,
Pinus ponderosa,pinus ponderosa,Exact match,
Pj,pj,Exact match,
Pl,pl,Exact match,
Planting,planting,Exact match,
Plywood,plywood,Exact match,
Podcast,podcast,Exact match,
Populus balsamifera,populus balsamifera,Exact match,
Populus tremuloides,populus tremuloides,Exact match,
Populus trichocarpa,populus trichocarpa,Exact match,
PP,pp,Exact match,
PPdh2,ppdh2,Exact match,
PPxh1,ppxh1,Exact match,
Prescribed fire,prescribed fire,Exact match,
Primary transport equipment,primary transport equipment,Exact match,
Processing equipment,processing equipment,Exact match,
Pruning,pruning,Exact match,
Pseudotsuga menziesii,pseudotsuga menziesii,Exact match,
Pulp,pulp,Exact match,
Pw,pw,Exact match,
Py,py,Exact match,
Qg,qg,Exact match,
Quebec,quebec,Exact match,
Quercus garryana,quercus garryana,Exact match,
Ra,ra,Exact match,
Red squirrel,red squirrel,Exact match,
Reforestation,reforestation,Exact match,
Restoration,restoration,Exact match,
Retention system,retention system,Exact match,
Riparian habitat,riparian habitat,Exact match,
riparian management area,riparian management area,Exact match,
RMA,rma,Exact match,
Rodents,rodents,Exact match,
Root disease,root disease,Exact match,
Root rot,root rot,Exact match,
Salvage,salvage,Exact match,
Saskatchewan,saskatchewan,Exact match,
Sawlog,sawlog,Exact match,
Sb,sb,Exact match,
SBPS,sbps,Exact match,
SBPSdc,sbpsdc,Exact match,
SBPSmc,sbpsmc,Exact match,
SBPSmk,sbpsmk,Exact match,
SBPSmk1,sbpsmk1,Exact match,
SBPSxc,sbpsxc,Exact match,
SBS,sbs,Exact match,
SBSdh,sbsdh,Exact match,
SBSdk,sbsdk,Exact match,
SBSdw,sbsdw,Exact match,
SBSdw1,sbsdw1,Exact match,
SBSdw2,sbsdw2,Exact match,
SBSdw3,sbsdw3,Exact match,
SBSmc,sbsmc,Exact match,
SBSmc2,sbsmc2,Exact match,
SBSmc3,sbsmc3,Exact match,
SBSmh,sbsmh,Exact match,
SBSmk,sbsmk,Exact match,
SBSmk1,sbsmk1,Exact match,
SBSmm,sbsmm,Exact match,
SBSmw,sbsmw,Exact match,
SBSvk,sbsvk,Exact match,
SBSwk,sbswk,Exact match,
SBSwk1,sbswk1,Exact match,
SBSwk2,sbswk2,Exact match,
Se,se,Exact match,
Seed tree system,seed tree system,Exact match,
Selection system,selection system,Exact match,
Sensitive waters,sensitive waters,Exact match,
Shelterwood system,shelterwood system,Exact match,
Silvics,silvics,Exact match,
Single tree cut,single tree cut,Exact match,
Site preparation,site preparation,Exact match,
Site productivity,site productivity,Exact match,
Skidder,skidder,Exact match,
Snow press,snow press,Exact match,
Sockeye salmon,sockeye salmon,Exact match,
Songbirds,songbirds,Exact match,
South Coast BC,south coast bc,Exact match,
South Island BC,south island bc,Exact match,
Southeast AB,southeast ab,Exact match,
Southern BC,southern bc,Exact match,
Southern Interior BC,southern interior bc,Exact match,
Southwest AB,southwest ab,Exact match,
Spacing,spacing,Exact match,
Spruce beetle,spruce beetle,Exact match,
Spruce leader weevil,spruce leader weevil,Exact match,
Ss,ss,Exact match,
Stand age,stand age,Exact match,
Stand tending,stand tending,Exact match,
Stem cankers,stem cankers,Exact match,
Strip cut,strip cut,Exact match,
Structure,structure,Exact match,
Sub-boreal forests,sub-boreal forests,Exact match,
Sw,sw,Exact match,
SWB,swb,Exact match,
Swing yarder,swing yarder,Exact match,
Sx,sx,Exact match,
Tent caterpillar,tent caterpillar,Exact match,
Terminal weevil,terminal weevil,Exact match,
Thuja plicata,thuja plicata,Exact match,
Timber,timber,Exact match,
Training,training,Exact match,
Tsuga heterophylla,tsuga heterophylla,Exact match,
Tsuga mertensiana,tsuga mertensiana,Exact match,
ungulate winter range,ungulate winter range,Exact match,
USA,usa,Exact match,
UWR,uwr,Exact match,
Variable density thinning,variable density thinning,Exact match,
Variable retention,variable retention,Exact match,
Veneer,veneer,Exact match,
Visuals,visuals,Exact match,
Volume-based,volume-based,Exact match,
Washington,washington,Exact match,
Waste management,waste management,Exact match,
Webinar,webinar,Exact match,
Western gall rust,western gall rust,Exact match,
Western hemlock looper,western hemlock looper,Exact match,
Western pine beetle,western pine beetle,Exact match,
Western spruce budworm,western spruce budworm,Exact match,
Western USA,western usa,Exact match,
Wet interior forests,wet interior forests,Exact match,
WHA,wha,Exact match,
White pine weevil,white pine weevil,Exact match,
White-tailed deer,white-tailed deer,Exact match,
Wildfire risk,wildfire risk,Exact match,
wildland urban interface,wildland urban interface,Exact match,
Wildlife,wildlife,Exact match,
wildlife habitat area,wildlife habitat area,Exact match,
Wildlife habitat features,wildlife habitat features,Exact match,
Windthrow,windthrow,Exact match,
Wood quality,wood quality,Exact match,
Woodlot,woodlot,Exact match,
Woodpecker,woodpecker,Exact match,
WUI,wui,Exact match,
Wyoming,wyoming,Exact match,
Yc,yc,Exact match,
