optional,optional,optional,optional,required,required,required if not BC,required,required,required,required,required,required,required,optional,optional,required,required,optional,optional,optional,optional,optional,optional,optional,optional,optional,optional,,optional,optional,required,optional,required,required
tree_code,tree_common,tree_latin,tree_type,geog_national,geog_bc_not_bc,geog_prov_state,geog_region,forest_type,bec_zone_acron,bec_zone_name,practices,value,technique,silviculture system,technique_2,resource_type,training_group,wildlife_species,habitat,equipment,forest_product,tenure,zonation,stand_development,disturbance_type,bec_label,associated WG or COP,associated Featured topics tag,metadata_descriptive location_geog_regional,metadata_descriptive location_research_forest,metadata_organization,additional_organization,metadata_license,metadata_publication year
,,,,,,,,,,,,,,,,,,,,,,,,,Decay fungi,CWHb1,,,,,,,Creative Commons Attribution (CC BY),
Fd,Douglas-fir,Pseudotsuga menziesii,Coniferous,Canada,British Columbia,Quebec,Northern BC,Coastal forests,CWH,Coastal western hemlock ,Harvest,Wildfire risk,Brushing,Selection system,Grinding,Case study ,train-micro,Moose,Wetland habitat,Primary transport equipment,Low-value timber,Area-based,WUI ,Site productivity,Bark beetle,CWHdm,,fire-cultural-practice,Lower Mainland BC,Roberts Creek Study Forest,Artemis Wildlife Consultants,,Creative Commons CCZero (CC0),
Cw,Western redcedar ,Thuja plicata,Deciduous,USA,Other Canadian Provinces/Territories,Saskatchewan,Southern BC,Boreal forests,CDF,Coastal douglas fir ,Reforestation,Wildlife ,Commercial thinning,Irregular system,Mulching,Extension note,train-courses,Caribou,Riparian habitat,Mechanical falling equipment ,Full fiber utilization,Tree Farm license,OGMA ,Silvics,Mountain pine beetle,CWHdm1,,fire-prescribed-fire,Boundary,Snowden demonstration forest,Association of Fire Ecology,,Creative Commons Non-Commercial (CC BY-NC),
Ss,Sitka spruce,Picea sitchensis,,Global,Western USA,Alberta,Interior BC,Sub-boreal forests,BWBS,Boreal white and black spruce ,Site preparation,Hydrology,Cultural fire,Even-aged system,Mastication,Decision aid ,,Mule deer,Grassland habitat,Processing equipment,Pellet,Woodlot,WHA ,Stand age,Western spruce budworm,"CWHds1,2",,fire-forestry-coastal,Fraser Canyon - Bridge River ,Date Creek research forest,B.A Blackwell and Associates Ltd,,"Creative Commons Non-Commercial, No-Derivatives (CC BY-NC-ND)",
,,,,,,,,,,,,,,,,,,,,,,,,,,CWHd,,,,,,,Open Data Commons (ODC-By),
Hw,Western hemlock,Tsuga heterophylla,,,,Oregon,Coastal BC,Dry interior forests,SWB,Spruce willow birch ,Waste management,Cultural plants,Fertilizing,Clearcut system,Pellet production,Indigenous knowledge,,Southern red-backed vole,,Loading equipment,Pulp,Community forest,GAR ,Structure,Western hemlock looper,CWHmm1,,fire-forestry-boreal,Shuswap,Alex Fraser research forest,BC Community Forest Association,,Open Data Commons Open Database License (ODbL),
Ba,Amabilis fir,Abies amabilis,,,,Washington,Central BC,Montane and subalpine forests,SBS,Sub-boreal spruce ,Fuel management,Biomass,Models,Coppice system,Biochar,Magazine article,,Snowshoe hare,,Cable equipment,Plywood,First Nations woodland license,WMA ,Genetic worth,Black army cutworm,CWHmm2,,fire-forestry-sub-boreal,Shuswap - Sicamous ,West Arm Demonstration Forest,BC Forest Practices Board,,License not specified,
Bg,Grand fir,Abies grandis,,,,California,Southern Interior BC,Wet interior forests,SBPS,Sub-boreal pine-spruce ,Stand tending,Carbon ,Monitoring,Shelterwood system,Herbicide,Peer-reviewed literature,,Ruffed grouse,,Aerial systems,Veneer,Volume-based,Conservation lands,Competition,Windthrow,"CWHms1,2",,fire-forestry-dry-interior,Shuswap - Revelstoke,Aleza Lake Research Forest ,BC Forest Safety,,Other (Attribution),
Mb,Bigleaf maple,Acer macrophyllum,,,,Wyoming,Northern Interior BC,All forest types,IDF,Interior douglas fir ,Adaptive management,Old growth attributes,Planting,Seed tree system,Manual brushing,Technical report,,Black bear,,Mechanical processing,Biochar,First Nations Treaty Area,Sensitive waters ,Natural disturbances,Fire,"CWHvh1,2",,fire-forestry-subalpine,Chilcotin,Malcolm Knapp Research Forest,BC Future Forest Ecosystems Centre,,Other (Non-commercial),
Dr,Red alder,Alnus rubra,,,,Arizona,Central Interior BC,,PP,Ponderosa pine ,Restoration,Forest health,Prescribed fire,Retention system,Clumped planting,Visual media,,Sheep,,Operating techniques,Non-Timber Forest Product,,Wildlife habitat features,Growth,Douglas fir tussock moth,CWHvh2,,fire-forestry-wet-interior,Chilcotin (western),Harrop Proctor Community Forests - Redfish Creek,BC Ministry of Forests,,Other (Not open),
Qg,Garry oak,Quercus garryana,,,,Colorado ,Central Coast BC,,MS,Montane spruce ,Salvage,Ecosystem health,Pruning,Group cut,Mechanical brushing,Guidance document,,Goats,,Heavy lift helicopter,Sawlog,,Access management,,Dwarf mistletoe,CWHvm,,fire-interactions-values,Chilcotin Plateau,Harrop Proctor Community Forest - Narrows Creek,"BC Ministry of Water, Land, and Resource Stewardship",,Other (Open),
Ra,Arbutus,Arbutus menziesii,,,,New Mexico,North Coast BC,,ESSF,Engelmann spruce subalpine fir ,,Climate change resilience,Spacing,Strip cut,,Presentation slides,,Pine marten,,Cable equipment,,,UWR,,Spruce beetle,CWHvm1,,fire-strategies,Cariboo,John Prince Research Forest,BC Timber Sales,,Other (Public Domain),
Sw,White spruce,Picea glauca,,,,Montana,South Coast BC,,ICH,Interior Cedar Hemlock ,,Timber,Variable density thinning,Patch cut,,Webinar,,Pink salmon,,Grapple helicopter,,,Ecological anchors,,Root rot,CWHvm2,,fire-collab-management,Cariboo - Prince George,Jaffray (research site),BC Wildfire Service,,Canada Open Government License (OGL),
Sb,Black spruce,Picea mariana,,,,Northwest Territories,North Island BC,,MH,Montane hemlock ,,Cultural,Variable retention,Uniform cut,,Podcast,,Chum salmon,,Swing yarder,,,RMA,,Frost,"CWHwh1,2",,fire-training,Cariboo - Omineca,Burns Lake Community Forest,BC Wildlife Federation,,"Other (Not open); Crown copyright (Province of British Columbia), all rights reserved",
,,,,,,,,,,,,,,,,,,,,,,,,,,CWHwm,,fire-forestry-multiple,Cariboo - Horsefly,Sunshine Coast Community Forest,British Columbia Institute of Agrologists,,,
Pl,Lodgepole pine,Pinus contorta,,,,,South Island BC,,AT,Alpine tundra,,Economic,,Single tree cut,,Community of practice,,Sockeye salmon,,Masticator,,,NMNEA,,Carabid beetle,CWHws,,,Cariboo - Williams Lake,,Bulkley Valley Research Centre,,,
At,Trembling aspen,Populus tremuloides,,,,,Central Island BC,,BG,Bunchgrass,,Visuals,,Dispersed cut,,Prescription,,Coho salmon,,Grapple equipment ,,,,,Tent caterpillar,CWHxm,,,Cariboo Plateau - Quesnel Highland,,Burns Lake Community Forest,,,
Acb,Balsam poplar,Populus balsmifera,,,,,Central AB,,,,,Wood quality,,Group reserves,,Discussion paper,,Grizzly bear,,Ripper plow,,,,,Large aspen tortrix,"CWHxm1,2",,,Cariboo - Quesnel,,Canada Wildfire,,,
Bl,Subalpine fir,Abies lasiocarpa,,,,,West Central AB,,,,,,,Group retention,,Field photos,,Steelhead trout,,Disc trencher,,,,,Aspen leaf miner,ESSFdc,,,Cariboo - Vanderhoof,,Canadian Institute of Forestry,,,
,,,,,,,,,,,,,,,,,,,,,,,,,,ESSFdc1,,,,,,,,
Act,Black cottonwood,Populus trichocarpa,,,,,Northwest AB,,,,,,,Patch retention,,,,Cutthroat trout,,Mechanical raking machine,,,,,Aspen leaf beetle,ESSFdc2,,,Cariboo - Burns Lake,,Centre for Boreal Research,,,
,,,,,,,,,,,,,,,,,,Herring,,Mounder,,,,,,ESSFdcp,,,Cariboo - Fraser Canyon,,Chu Cho Environmental ,,,
,,,,,,,,,,,,,,,,,,Sand lance,,Scarifier,,,,,,ESSFdh1,,,Cariboo - Fraser Canyon - Boston Bar First Nation ,,Clayoquot Sound Scientific Panel,,,
Py,Ponderosa pine,Pinus ponderosa,,,,,Northern AB,,,,,,,Dispersed reserves,,,,Elk,,Feller-buncher,,,,,Poplar borer,ESSFdk,,,Cariboo - Fraser Plateau,,Climate Change Response Framework,,,
Lw,Western larch,Larix occidentalis,,,,,Southeast AB,,,,,,,Dispersed retention,,,,Blacktail deer,,Skidder,,,,,Drought,ESSFdmp,,,Cariboo - Knife Creek,,Coastal Douglas-fir Conservation Partnership,,,
,,,,,,,,,,,,,,,,,,,,,,,,,,ESSFdcw,,,,,,,,
,,,,,,,Southwest AB,,,,,,,,,,,Northern bobwhite,,,,,,,,ESSFdv,,,Vancouver Island - Comox Valley,,Coastal Silviculture Committee,,,
Jr,Rocky mountain juniper,Juniperus scopulorum,,,,,,,,,,,,Mixed reserves,,,,Small mammals,,,,,,,Flooding,ESSFmm,,,Vancouver Island - Cowichan Valley,,College of Applied Biologists,,,
Se,Engelmann spruce,Picea engelmannii,,,,,,,,,,,,Mixed retention,,,,Sitka blacktail deer,,,,,,,Mass wasting,ESSFmm1,,,Vancouver Island - Gold River,,College of New Caledonia,,,
Hm,Mountain hemlock,Tsuga mertensiana,,,,,,,,,,,,,,,,Squirrel,,,,,,,Western pine beetle,ESSFmc,,,Vancouver Island - Shawnigan Lake,,Cortex Resource Management ,,,
,,,,,,,,,,,,,,,,,,,,,,,,,,ESSFmw,,,,,,,,
Pw,Western white pine,Pinus monticola,,,,,,,,,,,,,,,,Bats,,,,,,,Insect,ESSFvc,,,Vancouver Island - Sayward,,E.A. Strimbold,,,
EP,Paper birch,Betula papyrifera,,,,,,,,,,,,,,,,Bighorn sheep,,,,,,,Pathogen,ESSFvcw,,,Vancouver Island - Thelwood River Valley,,First Nations Forestry Council,,,
Sx,Hybrid spruce,Picea glauca x sitchensis,,,,,,,,,,,,,,,,Beaver,,,,,,,Terminal weevil,ESSFwc2,,,Vancouver Island - Woss,,FORCORP Solutions,,,
Sx,Interior spruce,Picea engelmannii x glauca,,,,,,,,,,,,,,,,Goshawk,,,,,,,Douglas fir beetle,"ESSFwc2,3",,,Vancouver Island - Port McNeill,,Forest Enhancement Society of BC,,,
Yc,Yellow cedar,Cupressus nootkatensis,,,,,,,,,,,,,,,,Deer mouse,,,,,,,Stem cankers,ESSFwc3,,,Vancouver Island - Alberni Valley,,Forest Genetics Council of BC,,,
Dg,Sitka Alder,Alnus viridis ssp. sinuata,,,,,,,,,,,,,,,,White-tailed deer,,,,,,,,ESSFwc4,,,Vancouver Island - Coombs,,Forest Products Association Canada,,,
,,,,,,,,,,,,,,,,,,,,,,,,,,ESSFwh3,,,Vancouver Island - Ucluelet,,,,,
,,,,,,,,,,,,,,,,,,,,,,,,,,,,,,,,,,
Dg,Green Alder,Alnus viridis,,,,,,,,,,,,,,,,Grouse,,,,,,,,ESSFwk1,,,Vancouver Island,,Forest Professionals British Columbia (FPBC),,,
,Balsam fir,Abies balsamea,,,,,,,,,,,,,,,,Woodpecker,,,,,,,Heart and butt rot,ESSFwk2,,,Clayoquot Sound,,Forest Research Extension Partnership (FORREX),,,
Pj,Jack pine,Pinus banksiana,,,,,,,,,,,,,,,,Songbirds,,,,,,,,ESSFm1,,,Skeena - Kispiox,,Forest Stewardship Council - Canada,,,
Pa,Whitebark pine,Pinus albicaulis,,,,,,,,,,,,,,,,Yellow-rumped warbler,,,,,,,,ESSFm2,,,Skeena - Terrace,,Forestry Together,,,
,,,,,,,,,,,,,,,,,,Dark-eyed junco,,,,,,,Venturia blight,ESSFmv2,,,Campbell River,,FORSITE Forest Management Specialists,,,
,,,,,,,,,,,,,,,,,,Golden crowned kinglet,,,,,,,,ESSFwm,,,Skeena,,FPInnovations - Forest Engineering Research Institute of Canada ,,,
,,,,,,,,,,,,,,,,,,,,,,,,,,ESSFwm3,,,,,,,,
,,,,,,,,,,,,,,,,,,,,,,,,,,ESSFwmw,,,,,,,,
,,,,,,,,,,,,,,,,,,,,,,,,,,ESSFwmp,,,,,,,,
,,,,,,,,,,,,,,,,,,Brown creeper,,,,,,,,ESSFwv,,,Kootenays - Salmo,,Free to Grow in Forestry,,,
,,,,,,,,,,,,,,,,,,Meadow vole,,,,,,,Satin moth,SBPSdc,,,Kootenays - Golden,,FRI Research,,,
,,,,,,,,,,,,,,,,,,Shrew,,,,,,,Spruce leader wevil,"SBPSdw1,2",,,Kootenays - Nakusp,,Indigenous Leadership Initiative,,,
,,,,,,,,,,,,,,,,,,Fisher,,,,,,,Spruce gall aphid,SBPSmc,,,Kootenays - Cranbrook ,,Industrial Forestry Service Ltd.,,,
,,,,,,,,,,,,,,,,,,Chinook salmon,,,,,,,Roundheaded pine beetle,SBPSmh,,,Kootenays - Nelson,,Interior Broadleaf Working Group,,,
,,,,,,,,,,,,,,,,,,Rainbow trout,,,,,,,Ants,SBPSmk,,,Kootenays - Castlegar,,Interior Logging Association,,,
,,,,,,,,,,,,,,,,,,Dolly varden,,,,,,,,SBPSmk1,,,Kootenays - Kootenay Lake,,International Association of Wildland Fire,,,
,,,,,,,,,,,,,,,,,,Mountain whitefish,,,,,,,Gypsy moth,SBPSmw,,,Kootenays - Columbia,,Kutenai Nature Investigations Ltd,,,
,,,,,,,,,,,,,,,,,,White sturgeon,,,,,,,Rodents,SBPSwk,,,Kootenays - Elk River Valley,,Laval University ,,,
,,,,,,,,,,,,,,,,,,Burbot,,,,,,,Avalanche,SBPSxc,,,Haida Gwaii ,,LM Forest Resource Solution Ltd,,,
,,,,,,,,,,,,,,,,,,Gastropod,,,,,,,White pine weevil,MSdc,,,Kootenays,,M.J. Milne & Associates Ltd,,,
,,,,,,,,,,,,,,,,,,Salamander,,,,,,,Spruce weevil,MSdk,,,Rocky Mountains,,Natural Resources Canada,,,
,,,,,,,,,,,,,,,,,,Wolf,,,,,,,,MSdk1,,,Robson Valley - McBride,,North Island Woodlot Association,,,
,,,,,,,,,,,,,,,,,,Cougar,,,,,,,Root disease,MSdm,,,Fort Nelson,,Northern Silviculture Committee,,,
,,,,,,,,,,,,,,,,,,Vancouver Island wolverine,,,,,,,Snow press,MSdm1,,,Okanagan,,NurseryToForest Solutions,,,
,,,,,,,,,,,,,,,,,,,,,,,,,,MSdm2,,,,,,,,
,,,,,,,,,,,,,,,,,,Otter,,,,,,,Hard pine stem rusts,MSdv,,,Okanagan - Kamloops,,Oregon State University,,,
,,,,,,,,,,,,,,,,,,Ermine,,,,,,,Blister rust,MSxv,,,Okanagan - Kelowna,,Prescribed Fire Training Exchange,,,
,,,,,,,,,,,,,,,,,,Mink,,,,,,,Eastern spruce budworm,MSxv1,,,Okanagan - Penticton,,Private Forest Landowners Association,,,
,,,,,,,,,,,,,,,,,,Raccoon,,,,,,,Pine needlecast,MSxk,,,Prince Rupert,,R.W. Gray Consulting Ltd.,,,
,,,,,,,,,,,,,,,,,,Blue grouse,,,,,,,Western gall rust,IDFdk,,,Sunshine Coast - Sechelt,,Raincoast Conservation Foundation,,,
,,,,,,,,,,,,,,,,,,Spotted sandpiper,,,,,,,Decay fungi,IDFdk1,,,Sunshine Coast - Powell River,,Silviculture Innovation Program,,,
,,,,,,,,,,,,,,,,,,Mew gull,,,,,,,Red squirrel,IDFdk2,,,Sunshine coast - Roberts Creek,,Simon Fraser University,,,
,,,,,,,,,,,,,,,,,,Winter wren,,,,,,,Larch casebearer,IDFdk3,,,Sunshine Coast,,Society for Ecosystem Restoration in Northern British Columbia (SERNbc),,,
,,,,,,,,,,,,,,,,,,Cattle,,,,,,,,IDFdk4,,,Fort St. James,,Southern Interior Silviculture Committee,,,
,,,,,,,,,,,,,,,,,,Sharp-tail grouse,,,,,,,,"IDFdk3,4",,,Maple Ridge,,Stillwater Consulting,,,
,,,,,,,,,,,,,,,,,,Bison,,,,,,,,IDFdm,,,Invermere,,Sustainable Forestry Initiative,,,
,,,,,,,,,,,,,,,,,,,,,,,,,,IDFdm1,,,Edmonton (AB),,Symmetree Consulting ,,,
,,,,,,,,,,,,,,,,,,,,,,,,,,IDFdm2,,,Prince Albert (SK),,The Fire Chiefs' Association of BC,,,
,,,,,,,,,,,,,,,,,,,,,,,,,,IDFdmi,,,Thompson,,Thompson Rivers University,,,
,,,,,,,,,,,,,,,,,,,,,,,,,,IDFdw,,,Thompson - Nicola,,Truck Loggers Association,,,
,,,,,,,,,,,,,,,,,,,,,,,,,,IDFmw,,,Greater Vancouver,,United States Department of Agriculture (USDA) Forest Service ,,,
,,,,,,,,,,,,,,,,,,,,,,,,,,IDFmw1,,,Bulkley,,"Univeristy of California, Berkeley",,,
,,,,,,,,,,,,,,,,,,,,,,,,,,IDFmw2,,,Bulkley - Smithers,,University of Alberta,,,
,,,,,,,,,,,,,,,,,,,,,,,,,,IDFun,,,Sea-to-Sky Corridor,,University of British Columbia,,,
,,,,,,,,,,,,,,,,,,,,,,,,,,IDFww,,,Duncan,,"University of California, Davis",,,
,,,,,,,,,,,,,,,,,,,,,,,,,,IDFxh,,,Fraser Valley - Maple Ridge,,University of Northern British Columbia,,,
,,,,,,,,,,,,,,,,,,,,,,,,,,IDFxh1,,,Fraser Valley - Chilliwack,,University of Saskatchewan,,,
,,,,,,,,,,,,,,,,,,,,,,,,,,IDFxh2,,,Fraser Valley - Hope,,University of Victoria,,,
,,,,,,,,,,,,,,,,,,,,,,,,,,IDFxm,,,Sitkine Country,,University of Washington,,,
,,,,,,,,,,,,,,,,,,,,,,,,,,IDFxw,,,Peace River (AB),,US Geological Survey,,,
,,,,,,,,,,,,,,,,,,,,,,,,,,SBPsdc ,,,Peace River - Fort St John,,Vancouver Island University,,,
,,,,,,,,,,,,,,,,,,,,,,,,,,SBPsmk ,,,Whitecourt (AB),,We Are Fire,,,
,,,,,,,,,,,,,,,,,,,,,,,,,,SBPsxc ,,,Calling Lake (AB),,Western Forest Products,,,
,,,,,,,,,,,,,,,,,,,,,,,,,,SBSdh,,,Lillooet - Pemberton Valley,,Western Forestry Contractors Association,,,
,,,,,,,,,,,,,,,,,,,,,,,,,,SBSdk,,,Nass,,"Weyerhaeuser, B.C. Coastal Group",,,
,,,,,,,,,,,,,,,,,,,,,,,,,,SBSdw,,,Chilcotin - Tatla Lake,,Wildfire Resilience Consortium of Canada,,,
,,,,,,,,,,,,,,,,,,,,,,,,,,SBSdw1,,,International country/region,,Wildlife Infometrics,,,
,,,,,,,,,,,,,,,,,,,,,,,,,,SBSdw2,,,Okanagan - Cache Creek,,Women in Wood,,,
,,,,,,,,,,,,,,,,,,,,,,,,,,SBSdw3,,,Similkameen,,Wonder Labs LLC,,,
,,,,,,,,,,,,,,,,,,,,,,,,,,SBSmc,,,,,Woodlots BC,,,
,,,,,,,,,,,,,,,,,,,,,,,,,,SBSmc2,,,,,Worleyparsons Komex,,,
,,,,,,,,,,,,,,,,,,,,,,,,,,SBSmc3,,,,,YourForest,,,
,,,,,,,,,,,,,,,,,,,,,,,,,,SBSmh,,,,,Agriculture and Agri-Food Canada,,,
,,,,,,,,,,,,,,,,,,,,,,,,,,SBSmk,,,,,BC Conservation Data Centre (CDC),,,
,,,,,,,,,,,,,,,,,,,,,,,,,,SBSmk1,,,,,BC Forest Practices Board,,,
,,,,,,,,,,,,,,,,,,,,,,,,,,SBSmm,,,,,BC Forest Safety,,,
,,,,,,,,,,,,,,,,,,,,,,,,,,SBSmw,,,,,BC Hydro Bridge-Coastal Fish and Wildlife Restoration Program,,,
,,,,,,,,,,,,,,,,,,,,,,,,,,SBSwk,,,,,BC Ministry of Environment and Parks,,,
,,,,,,,,,,,,,,,,,,,,,,,,,,SBSwk1,,,,,Canada Wildfire,,,
,,,,,,,,,,,,,,,,,,,,,,,,,,SBSwk2,,,,,Canadian Conservation and Land Management (CCLM),,,
,,,,,,,,,,,,,,,,,,,,,,,,,,SBSwk3,,,,,Canadian Council of Forest Ministers,,,
,,,,,,,,,,,,,,,,,,,,,,,,,,SBSvk,,,,,Canadian Forest Products Ltd.,,,
,,,,,,,,,,,,,,,,,,,,,,,,,,CDFmm,,,,,Echo Biology and Extension,,,
,,,,,,,,,,,,,,,,,,,,,,,,,,ICHdk,,,,,Ecora Resource Group Ltd.,,,
,,,,,,,,,,,,,,,,,,,,,,,,,,ICHdw,,,,,First Nations Emergency Services Society,,,
,,,,,,,,,,,,,,,,,,,,,,,,,,ICHdw1,,,,,Fort. St. John Pilot Project,,,
,,,,,,,,,,,,,,,,,,,,,,,,,,ICHdm,,,,,Institute of Terrestrial Ecosystems,,,
,,,,,,,,,,,,,,,,,,,,,,,,,,ICHmc,,,,,Lakehead University,,,
,,,,,,,,,,,,,,,,,,,,,,,,,,ICHmc1,,,,,"Manning, Cooper and Associates ",,,
,,,,,,,,,,,,,,,,,,,,,,,,,,ICHmc2,,,,,McGill University,,,
,,,,,,,,,,,,,,,,,,,,,,,,,,"ICHmc1,2",,,,,Memorial University,,,
,,,,,,,,,,,,,,,,,,,,,,,,,,ICHmk,,,,,Moore Resource Management,,,
,,,,,,,,,,,,,,,,,,,,,,,,,,ICHmk1,,,,,Mosaic Forest Management ,,,
,,,,,,,,,,,,,,,,,,,,,,,,,,"ICHmk1,2",,,,,National Council for Air and Stream Improvement (NCASI),,,
,,,,,,,,,,,,,,,,,,,,,,,,,,ICHmk3,,,,,Northern Arizona University,,,
,,,,,,,,,,,,,,,,,,,,,,,,,,ICHmw,,,,,Ohio State University,,,
,,,,,,,,,,,,,,,,,,,,,,,,,,ICHmw1,,,,,Pacific Institute for Climate Solutions,,,
,,,,,,,,,,,,,,,,,,,,,,,,,,ICHmw2,,,,,Polytechnic Institute of Coimbra,,,
,,,,,,,,,,,,,,,,,,,,,,,,,,"ICHmw1,2",,,,,Portland State University,,,
,,,,,,,,,,,,,,,,,,,,,,,,,,ICHmw3,,,,,Prince George Woodlot Association,,,
,,,,,,,,,,,,,,,,,,,,,,,,,,ICHmw4,,,,,Riverside Forest Products Limited,,,
,,,,,,,,,,,,,,,,,,,,,,,,,,ICHwc,,,,,Saskatchewan Research Council,,,
,,,,,,,,,,,,,,,,,,,,,,,,,,ICHwk,,,,,,,,
,,,,,,,,,,,,,,,,,,,,,,,,,,ICHwk1,,,,,Shifting Mosaics Consulting,,,
,,,,,,,,,,,,,,,,,,,,,,,,,,ICHwk2,,,,,Steen Consulting,,,
,,,,,,,,,,,,,,,,,,,,,,,,,,ICHwk3,,,,,Stolo Research and Resource Management Centre,,,
,,,,,,,,,,,,,,,,,,,,,,,,,,ICHwk4,,,,,"Swedish University of Agricultural
Science",,,
,,,,,,,,,,,,,,,,,,,,,,,,,,ICHvc,,,,,The Fire Research and Management Exchange System (FRAMES),,,
,,,,,,,,,,,,,,,,,,,,,,,,,,ICHvk,,,,,The Wise Path Forward,,,
,,,,,,,,,,,,,,,,,,,,,,,,,,ICHvk1,,,,,Transition Salt Spring,,,
,,,,,,,,,,,,,,,,,,,,,,,,,,ICHxw,,,,,Université de Sherbrooke,,,
,,,,,,,,,,,,,,,,,,,,,,,,,,,,,,,Canadian Wildfire Fuel Management Knowledge Base,,,
,,,,,,,,,,,,,,,,,,,,,,,,,,,,,,,Kalesnikoff Lumber Co. Ltd.,,,
,,,,,,,,,,,,,,,,,,,,,,,,,,BWBSdk,,,,,University of Arizona,,,
,,,,,,,,,,,,,,,,,,,,,,,,,,"BWBSdk1,2",,,,,"University of Colorado, Boulder",,,
,,,,,,,,,,,,,,,,,,,,,,,,,,BWBSmw,,,,,University of Lethbridge,,,
,,,,,,,,,,,,,,,,,,,,,,,,,,BWBSmw2,,,,,University of Minnesota,,,
,,,,,,,,,,,,,,,,,,,,,,,,,,BWBSmk,,,,,University of Montreal,,,
,,,,,,,,,,,,,,,,,,,,,,,,,,BWBSwk,,,,,University of New Brunswick,,,
,,,,,,,,,,,,,,,,,,,,,,,,,,BWBSwk1,,,,,University of Quebec,,,
,,,,,,,,,,,,,,,,,,,,,,,,,,MHmm1,,,,,University of Toronto,,,
,,,,,,,,,,,,,,,,,,,,,,,,,,MHwh,,,,,Unviersity of Melbourne,,,
,,,,,,,,,,,,,,,,,,,,,,,,,,PPdh,,,,,URSUS Environmental,,,
,,,,,,,,,,,,,,,,,,,,,,,,,,PPdh1,,,,,Utah State University,,,
,,,,,,,,,,,,,,,,,,,,,,,,,,PPdh2,,,,,We Are Fire,,,
,,,,,,,,,,,,,,,,,,,,,,,,,,PPxh1,,,,,Wildlife Tree Committee of BC,,,
,,,,,,,,,,,,,,,,,,,,,,,,,,BGxh2,,,,,Woodlot Forestry Services Ltd.,,,
,,,,,,,,,,,,,,,,,,,,,,,,,,PPxh2,,,,,Yale University,,,
,,,,,,,,,,,,,,,,,,,,,,,,,,,,,,,Northwest Fire Science Consortium,,,
,,,,,,,,,,,,,,,,,,,,,,,,,,,,,,,,,,
,,,,,,,,,,,,,,,,,,,,,,,,,,,,,,,,,,
,,,,,,,,,,,,,,,,,,,,,,,,,,,,,,,West Virginia University,,,
,,,,,,,,,,,,,,,,,,,,,,,,,,,,,,,,,,
,,,,,,,,,,,,,,,,,,,,,,,,,,,,,,,Northern Rockies Fire Science Network,,,
,,,,,,,,,,,,,,,,,,,,,,,,,,,,,,,BC Carbon and Climate Services,,,
,,,,,,,,,,,,,,,,,,,,,,,,,,,,,,,"Utrecht University, Heidelberglaan",,,
,,,,,,,,,,,,,,,,,,,,,,,,,,,,,,,University of Waterloo,,,
,,,,,,,,,,,,,,,,,,,,,,,,,,,,,,,Sunshine Coast Community Forest,,,
,,,,,,,,,,,,,,,,,,,,,,,,,,,,,,,Royal Roads University,,,
,,,,,,,,,,,,,,,,,,,,,,,,,,,,,,,Harrop-Procter Community Cooperative,,,
,,,,,,,,,,,,,,,,,,,,,,,,,,,,,,,Fraser Basin Council,,,
,,,,,,,,,,,,,,,,,,,,,,,,,,,,,,,Kootenay Conservation Program,,,
